{
    "0": {
        "precision": 0.9997009990150556,
        "recall": 0.9995603545301069,
        "f1-score": 0.9996306718255364,
        "support": 56864.0
    },
    "1": {
        "precision": 0.7641509433962265,
        "recall": 0.826530612244898,
        "f1-score": 0.7941176470588235,
        "support": 98.0
    },
    "accuracy": 0.9992626663389628,
    "macro avg": {
        "precision": 0.8819259712056411,
        "recall": 0.9130454833875025,
        "f1-score": 0.89687415944218,
        "support": 56962.0
    },
    "weighted avg": {
        "precision": 0.9992957480503661,
        "recall": 0.9992626663389628,
        "f1-score": 0.9992770979266715,
        "support": 56962.0
    }
}